{
  "$schema": "http://adaptivecards.io/schemas/adaptive-card.json",
  "version": "1.0",
  "type": "AdaptiveCard",
  "speak": "Hero card",
  "body": [
    {
      "type": "Container",
      "items": [
        {
          "type": "TextBlock",
          "id": "title",
          "size": "Medium",
          "weight": "Bolder",
          "text": "Design Thinking"
        },
        {
          "type": "Image",
          "id": "imgDesignThinking",
          "url": "https://adaptivecards.io/content/airplane.png"
        },
        {
          "type": "TextBlock",
          "id": "txtDescription",
          "text": "Actually for design thinking you can enrol this specific training, click here to find more details.",
          "wrap": true
        }
      ]
    }
  ],
  "actions": [
    {
      "type": "Action.OpenUrl",
      "id": "btnBiteSize",
      "title": "Bite Size Content",
      "url": "https://hr.extspt.ford.com/sites/learn/SitePages/Home.aspx?topicKey=Design%20Thinking"
    },
    {
      "type": "Action.Submit",
      "id": "btnOnlineTrainingProgram",
      "title": "Online Training Program"
    }
  ]
}